"","State","Year","Med.Income","StateAbbr"
"1","Alabama","2000","35424","AL"
"2","Alabama","2001","35160","AL"
"3","Alabama","2002","37603","AL"
"4","Alabama","2003","37255","AL"
"5","Alabama","2004","36629","AL"
"6","Alabama","2005","37150","AL"
"7","Alabama","2006","37952","AL"
"8","Alabama","2007","42212","AL"
"9","Alabama","2008","44476","AL"
"10","Alabama","2009","39980","AL"
"11","Alabama","2010","40933","AL"
"12","Alabama","2011","42590","AL"
"13","Alabama","2012","43464","AL"
"14","Alabama","2013","41381","AL"
"15","Alabama","2013","47320","AL"
"16","Alabama","2014","42278","AL"
"17","Alabama","2015","44509","AL"
"18","Alabama","2016","47221","AL"
"19","Alabama","2017","51113","AL"
"20","Alabama","2017","50865","AL"
"21","Alabama","2018","49936","AL"
"22","Alabama","2019","56200","AL"
"23","Alabama","2020","54393","AL"
"24","Alaska","2000","52847","AK"
"25","Alaska","2001","57363","AK"
"26","Alaska","2002","52774","AK"
"27","Alaska","2003","51837","AK"
"28","Alaska","2004","55063","AK"
"29","Alaska","2005","55891","AK"
"30","Alaska","2006","56418","AK"
"31","Alaska","2007","62993","AK"
"32","Alaska","2008","63989","AK"
"33","Alaska","2009","61604","AK"
"34","Alaska","2010","57848","AK"
"35","Alaska","2011","57431","AK"
"36","Alaska","2012","63648","AK"
"37","Alaska","2013","61137","AK"
"38","Alaska","2013","72472","AK"
"39","Alaska","2014","67629","AK"
"40","Alaska","2015","75112","AK"
"41","Alaska","2016","75723","AK"
"42","Alaska","2017","72231","AK"
"43","Alaska","2017","77987","AK"
"44","Alaska","2018","68734","AK"
"45","Alaska","2019","78394","AK"
"46","Alaska","2020","74476","AK"
"47","Arizona","2000","39783","AZ"
"48","Arizona","2001","42704","AZ"
"49","Arizona","2002","39734","AZ"
"50","Arizona","2003","41166","AZ"
"51","Arizona","2004","43846","AZ"
"52","Arizona","2005","45245","AZ"
"53","Arizona","2006","46657","AZ"
"54","Arizona","2007","47215","AZ"
"55","Arizona","2008","46914","AZ"
"56","Arizona","2009","45739","AZ"
"57","Arizona","2010","46896","AZ"
"58","Arizona","2011","48621","AZ"
"59","Arizona","2012","47044","AZ"
"60","Arizona","2013","50602","AZ"
"61","Arizona","2013","52611","AZ"
"62","Arizona","2014","49254","AZ"
"63","Arizona","2015","52248","AZ"
"64","Arizona","2016","57100","AZ"
"65","Arizona","2017","61125","AZ"
"66","Arizona","2017","59700","AZ"
"67","Arizona","2018","62283","AZ"
"68","Arizona","2019","70674","AZ"
"69","Arizona","2020","66628","AZ"
"70","Arkansas","2000","29697","AR"
"71","Arkansas","2001","33339","AR"
"72","Arkansas","2002","32387","AR"
"73","Arkansas","2003","32002","AR"
"74","Arkansas","2004","34984","AR"
"75","Arkansas","2005","36658","AR"
"76","Arkansas","2006","37057","AR"
"77","Arkansas","2007","40795","AR"
"78","Arkansas","2008","39586","AR"
"79","Arkansas","2009","36538","AR"
"80","Arkansas","2010","38587","AR"
"81","Arkansas","2011","41302","AR"
"82","Arkansas","2012","39018","AR"
"83","Arkansas","2013","39919","AR"
"84","Arkansas","2013","39376","AR"
"85","Arkansas","2014","44922","AR"
"86","Arkansas","2015","42798","AR"
"87","Arkansas","2016","45907","AR"
"88","Arkansas","2017","48829","AR"
"89","Arkansas","2017","49751","AR"
"90","Arkansas","2018","49781","AR"
"91","Arkansas","2019","54539","AR"
"92","Arkansas","2020","50540","AR"
"93","California","2000","46816","CA"
"94","California","2001","47262","CA"
"95","California","2002","47437","CA"
"96","California","2003","49300","CA"
"97","California","2004","49222","CA"
"98","California","2005","51755","CA"
"99","California","2006","55319","CA"
"100","California","2007","55734","CA"
"101","California","2008","57014","CA"
"102","California","2009","56134","CA"
"103","California","2010","54283","CA"
"104","California","2011","53367","CA"
"105","California","2012","57020","CA"
"106","California","2013","57528","CA"
"107","California","2013","60794","CA"
"108","California","2014","60487","CA"
"109","California","2015","63636","CA"
"110","California","2016","66637","CA"
"111","California","2017","69759","CA"
"112","California","2017","70038","CA"
"113","California","2018","70489","CA"
"114","California","2019","78105","CA"
"115","California","2020","77358","CA"
"116","Colorado","2000","48240","CO"
"117","Colorado","2001","49397","CO"
"118","Colorado","2002","48294","CO"
"119","Colorado","2003","49940","CO"
"120","Colorado","2004","50886","CO"
"121","Colorado","2005","50449","CO"
"122","Colorado","2006","55697","CO"
"123","Colorado","2007","61141","CO"
"124","Colorado","2008","60943","CO"
"125","Colorado","2009","55930","CO"
"126","Colorado","2010","60233","CO"
"127","Colorado","2011","58629","CO"
"128","Colorado","2012","57255","CO"
"129","Colorado","2013","63371","CO"
"130","Colorado","2013","67912","CO"
"131","Colorado","2014","60940","CO"
"132","Colorado","2015","66596","CO"
"133","Colorado","2016","70566","CO"
"134","Colorado","2017","74172","CO"
"135","Colorado","2017","74984","CO"
"136","Colorado","2018","73034","CO"
"137","Colorado","2019","72499","CO"
"138","Colorado","2020","82611","CO"
"139","Connecticut","2000","50172","CT"
"140","Connecticut","2001","53347","CT"
"141","Connecticut","2002","53387","CT"
"142","Connecticut","2003","54965","CT"
"143","Connecticut","2004","55100","CT"
"144","Connecticut","2005","56835","CT"
"145","Connecticut","2006","62404","CT"
"146","Connecticut","2007","64141","CT"
"147","Connecticut","2008","64682","CT"
"148","Connecticut","2009","64851","CT"
"149","Connecticut","2010","65998","CT"
"150","Connecticut","2011","65415","CT"
"151","Connecticut","2012","64247","CT"
"152","Connecticut","2013","67781","CT"
"153","Connecticut","2013","69291","CT"
"154","Connecticut","2014","70161","CT"
"155","Connecticut","2015","72889","CT"
"156","Connecticut","2016","75923","CT"
"157","Connecticut","2017","72780","CT"
"158","Connecticut","2017","74304","CT"
"159","Connecticut","2018","72812","CT"
"160","Connecticut","2019","87291","CT"
"161","Connecticut","2020","79043","CT"
"162","Delaware","2000","50365","DE"
"163","Delaware","2001","49602","DE"
"164","Delaware","2002","49650","DE"
"165","Delaware","2003","49019","DE"
"166","Delaware","2004","48049","DE"
"167","Delaware","2005","51235","DE"
"168","Delaware","2006","52438","DE"
"169","Delaware","2007","54589","DE"
"170","Delaware","2008","50702","DE"
"171","Delaware","2009","52114","DE"
"172","Delaware","2010","55214","DE"
"173","Delaware","2011","54660","DE"
"174","Delaware","2012","48972","DE"
"175","Delaware","2013","52219","DE"
"176","Delaware","2013","54091","DE"
"177","Delaware","2014","57522","DE"
"178","Delaware","2015","57756","DE"
"179","Delaware","2016","58046","DE"
"180","Delaware","2017","62318","DE"
"181","Delaware","2017","64961","DE"
"182","Delaware","2018","65012","DE"
"183","Delaware","2019","74194","DE"
"184","Delaware","2020","69132","DE"
"185","District of Columbia","2000","41222",NA
"186","District of Columbia","2001","41169",NA
"187","District of Columbia","2002","39070",NA
"188","District of Columbia","2003","45044",NA
"189","District of Columbia","2004","43451",NA
"190","District of Columbia","2005","44993",NA
"191","District of Columbia","2006","48477",NA
"192","District of Columbia","2007","50783",NA
"193","District of Columbia","2008","55590",NA
"194","District of Columbia","2009","53141",NA
"195","District of Columbia","2010","56928",NA
"196","District of Columbia","2011","55251",NA
"197","District of Columbia","2012","65246",NA
"198","District of Columbia","2013","60675",NA
"199","District of Columbia","2013","60057",NA
"200","District of Columbia","2014","68277",NA
"201","District of Columbia","2015","70071",NA
"202","District of Columbia","2016","70982",NA
"203","District of Columbia","2017","83382",NA
"204","District of Columbia","2017","81282",NA
"205","District of Columbia","2018","85750",NA
"206","District of Columbia","2019","93111",NA
"207","District of Columbia","2020","88311",NA
"208","Florida","2000","38856","FL"
"209","Florida","2001","36421","FL"
"210","Florida","2002","38024","FL"
"211","Florida","2003","38972","FL"
"212","Florida","2004","40535","FL"
"213","Florida","2005","42990","FL"
"214","Florida","2006","45676","FL"
"215","Florida","2007","45794","FL"
"216","Florida","2008","44857","FL"
"217","Florida","2009","45631","FL"
"218","Florida","2010","44066","FL"
"219","Florida","2011","45105","FL"
"220","Florida","2012","46071","FL"
"221","Florida","2013","47886","FL"
"222","Florida","2013","48532","FL"
"223","Florida","2014","46140","FL"
"224","Florida","2015","48825","FL"
"225","Florida","2016","51176","FL"
"226","Florida","2017","53681","FL"
"227","Florida","2017","53086","FL"
"228","Florida","2018","54644","FL"
"229","Florida","2019","58368","FL"
"230","Florida","2020","57435","FL"
"231","Georgia","2000","41901","GA"
"232","Georgia","2001","42576","GA"
"233","Georgia","2002","42939","GA"
"234","Georgia","2003","42438","GA"
"235","Georgia","2004","40984","GA"
"236","Georgia","2005","45926","GA"
"237","Georgia","2006","49344","GA"
"238","Georgia","2007","48641","GA"
"239","Georgia","2008","46227","GA"
"240","Georgia","2009","43340","GA"
"241","Georgia","2010","44117","GA"
"242","Georgia","2011","45973","GA"
"243","Georgia","2012","48121","GA"
"244","Georgia","2013","47439","GA"
"245","Georgia","2013","46992","GA"
"246","Georgia","2014","49555","GA"
"247","Georgia","2015","50768","GA"
"248","Georgia","2016","53527","GA"
"249","Georgia","2017","57016","GA"
"250","Georgia","2017","57985","GA"
"251","Georgia","2018","55821","GA"
"252","Georgia","2019","56628","GA"
"253","Georgia","2020","58952","GA"
"254","Hawaii","2000","51546","HI"
"255","Hawaii","2001","47439","HI"
"256","Hawaii","2002","47303","HI"
"257","Hawaii","2003","51834","HI"
"258","Hawaii","2004","56242","HI"
"259","Hawaii","2005","59586","HI"
"260","Hawaii","2006","60470","HI"
"261","Hawaii","2007","64022","HI"
"262","Hawaii","2008","61521","HI"
"263","Hawaii","2009","55649","HI"
"264","Hawaii","2010","59539","HI"
"265","Hawaii","2011","59047","HI"
"266","Hawaii","2012","56263","HI"
"267","Hawaii","2013","61408","HI"
"268","Hawaii","2013","64235","HI"
"269","Hawaii","2014","71223","HI"
"270","Hawaii","2015","64514","HI"
"271","Hawaii","2016","72133","HI"
"272","Hawaii","2017","73575","HI"
"273","Hawaii","2017","73599","HI"
"274","Hawaii","2018","80108","HI"
"275","Hawaii","2019","88006","HI"
"276","Hawaii","2020","80729","HI"
"277","Idaho","2000","37611","ID"
"278","Idaho","2001","38241","ID"
"279","Idaho","2002","37715","ID"
"280","Idaho","2003","42372","ID"
"281","Idaho","2004","44358","ID"
"282","Idaho","2005","44176","ID"
"283","Idaho","2006","46213","ID"
"284","Idaho","2007","49184","ID"
"285","Idaho","2008","47420","ID"
"286","Idaho","2009","46778","ID"
"287","Idaho","2010","47050","ID"
"288","Idaho","2011","47459","ID"
"289","Idaho","2012","47922","ID"
"290","Idaho","2013","51767","ID"
"291","Idaho","2013","48467","ID"
"292","Idaho","2014","53438","ID"
"293","Idaho","2015","51624","ID"
"294","Idaho","2016","56564","ID"
"295","Idaho","2017","60208","ID"
"296","Idaho","2017","59497","ID"
"297","Idaho","2018","58728","ID"
"298","Idaho","2019","65988","ID"
"299","Idaho","2020","66499","ID"
"300","Illinois","2000","46064","IL"
"301","Illinois","2001","46171","IL"
"302","Illinois","2002","42710","IL"
"303","Illinois","2003","45153","IL"
"304","Illinois","2004","46077","IL"
"305","Illinois","2005","48398","IL"
"306","Illinois","2006","48671","IL"
"307","Illinois","2007","52506","IL"
"308","Illinois","2008","53254","IL"
"309","Illinois","2009","52870","IL"
"310","Illinois","2010","50728","IL"
"311","Illinois","2011","50637","IL"
"312","Illinois","2012","51738","IL"
"313","Illinois","2013","57196","IL"
"314","Illinois","2013","53937","IL"
"315","Illinois","2014","54916","IL"
"316","Illinois","2015","60413","IL"
"317","Illinois","2016","61386","IL"
"318","Illinois","2017","64609","IL"
"319","Illinois","2017","65969","IL"
"320","Illinois","2018","70145","IL"
"321","Illinois","2019","74399","IL"
"322","Illinois","2020","73753","IL"
"323","Indiana","2000","40865","IN"
"324","Indiana","2001","40379","IN"
"325","Indiana","2002","41047","IN"
"326","Indiana","2003","42425","IN"
"327","Indiana","2004","42329","IN"
"328","Indiana","2005","42437","IN"
"329","Indiana","2006","45407","IN"
"330","Indiana","2007","47453","IN"
"331","Indiana","2008","46520","IN"
"332","Indiana","2009","44305","IN"
"333","Indiana","2010","46139","IN"
"334","Indiana","2011","44445","IN"
"335","Indiana","2012","46158","IN"
"336","Indiana","2013","50553","IN"
"337","Indiana","2013","49455","IN"
"338","Indiana","2014","48060","IN"
"339","Indiana","2015","51983","IN"
"340","Indiana","2016","56094","IN"
"341","Indiana","2017","58873","IN"
"342","Indiana","2017","58767","IN"
"343","Indiana","2018","59892","IN"
"344","Indiana","2019","66693","IN"
"345","Indiana","2020","66360","IN"
"346","Iowa","2000","40991","IA"
"347","Iowa","2001","40976","IA"
"348","Iowa","2002","41049","IA"
"349","Iowa","2003","41384","IA"
"350","Iowa","2004","43391","IA"
"351","Iowa","2005","46500","IA"
"352","Iowa","2006","48126","IA"
"353","Iowa","2007","48908","IA"
"354","Iowa","2008","50142","IA"
"355","Iowa","2009","50721","IA"
"356","Iowa","2010","49016","IA"
"357","Iowa","2011","50219","IA"
"358","Iowa","2012","53442","IA"
"359","Iowa","2013","54855","IA"
"360","Iowa","2013","60156","IA"
"361","Iowa","2014","57810","IA"
"362","Iowa","2015","60855","IA"
"363","Iowa","2016","59094","IA"
"364","Iowa","2017","63481","IA"
"365","Iowa","2017","63467","IA"
"366","Iowa","2018","68718","IA"
"367","Iowa","2019","66054","IA"
"368","Iowa","2020","68469","IA"
"369","Kansas","2000","41059","KS"
"370","Kansas","2001","41415","KS"
"371","Kansas","2002","42619","KS"
"372","Kansas","2003","44232","KS"
"373","Kansas","2004","41066","KS"
"374","Kansas","2005","42027","KS"
"375","Kansas","2006","45552","KS"
"376","Kansas","2007","48497","KS"
"377","Kansas","2008","47877","KS"
"378","Kansas","2009","44717","KS"
"379","Kansas","2010","46054","KS"
"380","Kansas","2011","46147","KS"
"381","Kansas","2012","50003","KS"
"382","Kansas","2013","51485","KS"
"383","Kansas","2013","47820","KS"
"384","Kansas","2014","53444","KS"
"385","Kansas","2015","54865","KS"
"386","Kansas","2016","56810","KS"
"387","Kansas","2017","57872","KS"
"388","Kansas","2017","56900","KS"
"389","Kansas","2018","63938","KS"
"390","Kansas","2019","73151","KS"
"391","Kansas","2020","72815","KS"
"392","Kentucky","2000","36265","KY"
"393","Kentucky","2001","38437","KY"
"394","Kentucky","2002","36762","KY"
"395","Kentucky","2003","36936","KY"
"396","Kentucky","2004","35610","KY"
"397","Kentucky","2005","36699","KY"
"398","Kentucky","2006","39485","KY"
"399","Kentucky","2007","39452","KY"
"400","Kentucky","2008","41148","KY"
"401","Kentucky","2009","42664","KY"
"402","Kentucky","2010","41104","KY"
"403","Kentucky","2011","39856","KY"
"404","Kentucky","2012","41086","KY"
"405","Kentucky","2013","42158","KY"
"406","Kentucky","2013","44879","KY"
"407","Kentucky","2014","42786","KY"
"408","Kentucky","2015","42387","KY"
"409","Kentucky","2016","45369","KY"
"410","Kentucky","2017","51348","KY"
"411","Kentucky","2017","49672","KY"
"412","Kentucky","2018","54555","KY"
"413","Kentucky","2019","55662","KY"
"414","Kentucky","2020","56525","KY"
"415","Louisiana","2000","30718","LA"
"416","Louisiana","2001","33322","LA"
"417","Louisiana","2002","34008","LA"
"418","Louisiana","2003","33507","LA"
"419","Louisiana","2004","36429","LA"
"420","Louisiana","2005","37236","LA"
"421","Louisiana","2006","36488","LA"
"422","Louisiana","2007","41313","LA"
"423","Louisiana","2008","39563","LA"
"424","Louisiana","2009","45433","LA"
"425","Louisiana","2010","39300","LA"
"426","Louisiana","2011","40658","LA"
"427","Louisiana","2012","39085","LA"
"428","Louisiana","2013","39622","LA"
"429","Louisiana","2013","46425","LA"
"430","Louisiana","2014","42406","LA"
"431","Louisiana","2015","45922","LA"
"432","Louisiana","2016","42196","LA"
"433","Louisiana","2017","43903","LA"
"434","Louisiana","2017","43565","LA"
"435","Louisiana","2018","49973","LA"
"436","Louisiana","2019","51707","LA"
"437","Louisiana","2020","50935","LA"
"438","Maine","2000","37266","ME"
"439","Maine","2001","36612","ME"
"440","Maine","2002","36853","ME"
"441","Maine","2003","37113","ME"
"442","Maine","2004","41329","ME"
"443","Maine","2005","43923","ME"
"444","Maine","2006","45642","ME"
"445","Maine","2007","47894","ME"
"446","Maine","2008","47228","ME"
"447","Maine","2009","47502","ME"
"448","Maine","2010","47931","ME"
"449","Maine","2011","49693","ME"
"450","Maine","2012","49158","ME"
"451","Maine","2013","50121","ME"
"452","Maine","2013","54957","ME"
"453","Maine","2014","51710","ME"
"454","Maine","2015","50756","ME"
"455","Maine","2016","50856","ME"
"456","Maine","2017","51664","ME"
"457","Maine","2017","53316","ME"
"458","Maine","2018","58663","ME"
"459","Maine","2019","66546","ME"
"460","Maine","2020","63440","ME"
"461","Maryland","2000","54535","MD"
"462","Maryland","2001","53530","MD"
"463","Maryland","2002","56407","MD"
"464","Maryland","2003","52314","MD"
"465","Maryland","2004","57103","MD"
"466","Maryland","2005","60512","MD"
"467","Maryland","2006","63668","MD"
"468","Maryland","2007","65630","MD"
"469","Maryland","2008","63711","MD"
"470","Maryland","2009","64186","MD"
"471","Maryland","2010","64201","MD"
"472","Maryland","2011","68876","MD"
"473","Maryland","2012","71836","MD"
"474","Maryland","2013","65262","MD"
"475","Maryland","2013","69353","MD"
"476","Maryland","2014","76165","MD"
"477","Maryland","2015","73594","MD"
"478","Maryland","2016","73760","MD"
"479","Maryland","2017","81084","MD"
"480","Maryland","2017","82093","MD"
"481","Maryland","2018","86223","MD"
"482","Maryland","2019","95572","MD"
"483","Maryland","2020","94384","MD"
"484","Massachusetts","2000","46753","MA"
"485","Massachusetts","2001","52253","MA"
"486","Massachusetts","2002","49855","MA"
"487","Massachusetts","2003","50955","MA"
"488","Massachusetts","2004","52019","MA"
"489","Massachusetts","2005","56017","MA"
"490","Massachusetts","2006","55330","MA"
"491","Massachusetts","2007","58463","MA"
"492","Massachusetts","2008","60320","MA"
"493","Massachusetts","2009","59373","MA"
"494","Massachusetts","2010","60934","MA"
"495","Massachusetts","2011","63313","MA"
"496","Massachusetts","2012","63656","MA"
"497","Massachusetts","2013","62963","MA"
"498","Massachusetts","2013","62529","MA"
"499","Massachusetts","2014","63151","MA"
"500","Massachusetts","2015","67861","MA"
"501","Massachusetts","2016","72266","MA"
"502","Massachusetts","2017","73227","MA"
"503","Massachusetts","2017","76243","MA"
"504","Massachusetts","2018","86345","MA"
"505","Massachusetts","2019","87707","MA"
"506","Massachusetts","2020","86725","MA"
"507","Michigan","2000","45512","MI"
"508","Michigan","2001","45047","MI"
"509","Michigan","2002","42715","MI"
"510","Michigan","2003","45022","MI"
"511","Michigan","2004","42256","MI"
"512","Michigan","2005","45933","MI"
"513","Michigan","2006","48647","MI"
"514","Michigan","2007","49370","MI"
"515","Michigan","2008","49788","MI"
"516","Michigan","2009","45994","MI"
"517","Michigan","2010","46276","MI"
"518","Michigan","2011","48879","MI"
"519","Michigan","2012","50015","MI"
"520","Michigan","2013","48801","MI"
"521","Michigan","2013","56567","MI"
"522","Michigan","2014","52005","MI"
"523","Michigan","2015","54203","MI"
"524","Michigan","2016","57091","MI"
"525","Michigan","2017","57700","MI"
"526","Michigan","2017","56405","MI"
"527","Michigan","2018","60449","MI"
"528","Michigan","2019","64119","MI"
"529","Michigan","2020","63829","MI"
"530","Minnesota","2000","54251","MN"
"531","Minnesota","2001","52681","MN"
"532","Minnesota","2002","54622","MN"
"533","Minnesota","2003","52823","MN"
"534","Minnesota","2004","56104","MN"
"535","Minnesota","2005","54215","MN"
"536","Minnesota","2006","56211","MN"
"537","Minnesota","2007","58058","MN"
"538","Minnesota","2008","54925","MN"
"539","Minnesota","2009","56090","MN"
"540","Minnesota","2010","52321","MN"
"541","Minnesota","2011","57820","MN"
"542","Minnesota","2012","61795","MN"
"543","Minnesota","2013","60907","MN"
"544","Minnesota","2013","64324","MN"
"545","Minnesota","2014","67244","MN"
"546","Minnesota","2015","68730","MN"
"547","Minnesota","2016","70218","MN"
"548","Minnesota","2017","71920","MN"
"549","Minnesota","2017","69975","MN"
"550","Minnesota","2018","71817","MN"
"551","Minnesota","2019","81426","MN"
"552","Minnesota","2020","78461","MN"
"553","Mississippi","2000","34299","MS"
"554","Mississippi","2001","30161","MS"
"555","Mississippi","2002","30882","MS"
"556","Mississippi","2003","32728","MS"
"557","Mississippi","2004","34755","MS"
"558","Mississippi","2005","32875","MS"
"559","Mississippi","2006","34733","MS"
"560","Mississippi","2007","37279","MS"
"561","Mississippi","2008","36446","MS"
"562","Mississippi","2009","35078","MS"
"563","Mississippi","2010","38160","MS"
"564","Mississippi","2011","41090","MS"
"565","Mississippi","2012","36641","MS"
"566","Mississippi","2013","40850","MS"
"567","Mississippi","2013","32338","MS"
"568","Mississippi","2014","35521","MS"
"569","Mississippi","2015","40037","MS"
"570","Mississippi","2016","41099","MS"
"571","Mississippi","2017","43441","MS"
"572","Mississippi","2017","43281","MS"
"573","Mississippi","2018","42781","MS"
"574","Mississippi","2019","44787","MS"
"575","Mississippi","2020","44966","MS"
"576","Missouri","2000","45097","MO"
"577","Missouri","2001","41339","MO"
"578","Missouri","2002","42776","MO"
"579","Missouri","2003","43762","MO"
"580","Missouri","2004","42137","MO"
"581","Missouri","2005","42986","MO"
"582","Missouri","2006","44579","MO"
"583","Missouri","2007","46005","MO"
"584","Missouri","2008","46038","MO"
"585","Missouri","2009","48769","MO"
"586","Missouri","2010","45817","MO"
"587","Missouri","2011","45774","MO"
"588","Missouri","2012","49764","MO"
"589","Missouri","2013","50311","MO"
"590","Missouri","2013","46303","MO"
"591","Missouri","2014","56630","MO"
"592","Missouri","2015","59196","MO"
"593","Missouri","2016","55016","MO"
"594","Missouri","2017","56885","MO"
"595","Missouri","2017","56530","MO"
"596","Missouri","2018","61726","MO"
"597","Missouri","2019","60597","MO"
"598","Missouri","2020","61901","MO"
"599","Montana","2000","32777","MT"
"600","Montana","2001","32126","MT"
"601","Montana","2002","34835","MT"
"602","Montana","2003","34108","MT"
"603","Montana","2004","33956","MT"
"604","Montana","2005","37313","MT"
"605","Montana","2006","41105","MT"
"606","Montana","2007","43655","MT"
"607","Montana","2008","42900","MT"
"608","Montana","2009","40437","MT"
"609","Montana","2010","41280","MT"
"610","Montana","2011","40277","MT"
"611","Montana","2012","45088","MT"
"612","Montana","2013","44132","MT"
"613","Montana","2013","43201","MT"
"614","Montana","2014","51102","MT"
"615","Montana","2015","51395","MT"
"616","Montana","2016","57075","MT"
"617","Montana","2017","59087","MT"
"618","Montana","2017","57407","MT"
"619","Montana","2018","57679","MT"
"620","Montana","2019","60195","MT"
"621","Montana","2020","56442","MT"
"622","Nebraska","2000","41750","NE"
"623","Nebraska","2001","43611","NE"
"624","Nebraska","2002","42796","NE"
"625","Nebraska","2003","43974","NE"
"626","Nebraska","2004","43786","NE"
"627","Nebraska","2005","47923","NE"
"628","Nebraska","2006","48145","NE"
"629","Nebraska","2007","49174","NE"
"630","Nebraska","2008","50728","NE"
"631","Nebraska","2009","49595","NE"
"632","Nebraska","2010","52504","NE"
"633","Nebraska","2011","55616","NE"
"634","Nebraska","2012","52196","NE"
"635","Nebraska","2013","53774","NE"
"636","Nebraska","2013","57623","NE"
"637","Nebraska","2014","56870","NE"
"638","Nebraska","2015","60474","NE"
"639","Nebraska","2016","59374","NE"
"640","Nebraska","2017","59619","NE"
"641","Nebraska","2017","59583","NE"
"642","Nebraska","2018","67575","NE"
"643","Nebraska","2019","73071","NE"
"644","Nebraska","2020","72024","NE"
"645","Nevada","2000","45758","NV"
"646","Nevada","2001","45403","NV"
"647","Nevada","2002","44958","NV"
"648","Nevada","2003","45184","NV"
"649","Nevada","2004","47204","NV"
"650","Nevada","2005","48209","NV"
"651","Nevada","2006","52282","NV"
"652","Nevada","2007","54058","NV"
"653","Nevada","2008","54744","NV"
"654","Nevada","2009","51434","NV"
"655","Nevada","2010","51200","NV"
"656","Nevada","2011","47043","NV"
"657","Nevada","2012","47333","NV"
"658","Nevada","2013","45369","NV"
"659","Nevada","2013","51846","NV"
"660","Nevada","2014","49875","NV"
"661","Nevada","2015","52008","NV"
"662","Nevada","2016","55431","NV"
"663","Nevada","2017","56550","NV"
"664","Nevada","2017","58041","NV"
"665","Nevada","2018","61864","NV"
"666","Nevada","2019","70906","NV"
"667","Nevada","2020","60956","NV"
"668","New Hampshire","2000","50926","NH"
"669","New Hampshire","2001","51331","NH"
"670","New Hampshire","2002","55321","NH"
"671","New Hampshire","2003","55567","NH"
"672","New Hampshire","2004","56815","NH"
"673","New Hampshire","2005","56984","NH"
"674","New Hampshire","2006","61970","NH"
"675","New Hampshire","2007","67576","NH"
"676","New Hampshire","2008","66176","NH"
"677","New Hampshire","2009","64131","NH"
"678","New Hampshire","2010","66633","NH"
"679","New Hampshire","2011","65880","NH"
"680","New Hampshire","2012","67819","NH"
"681","New Hampshire","2013","71322","NH"
"682","New Hampshire","2013","69099","NH"
"683","New Hampshire","2014","73397","NH"
"684","New Hampshire","2015","75675","NH"
"685","New Hampshire","2016","76260","NH"
"686","New Hampshire","2017","74801","NH"
"687","New Hampshire","2017","75630","NH"
"688","New Hampshire","2018","81346","NH"
"689","New Hampshire","2019","86900","NH"
"690","New Hampshire","2020","88235","NH"
"691","New Jersey","2000","50405","NJ"
"692","New Jersey","2001","51771","NJ"
"693","New Jersey","2002","54568","NJ"
"694","New Jersey","2003","56045","NJ"
"695","New Jersey","2004","55275","NJ"
"696","New Jersey","2005","63368","NJ"
"697","New Jersey","2006","68059","NJ"
"698","New Jersey","2007","60508","NJ"
"699","New Jersey","2008","65306","NJ"
"700","New Jersey","2009","64777","NJ"
"701","New Jersey","2010","62968","NJ"
"702","New Jersey","2011","62338","NJ"
"703","New Jersey","2012","66692","NJ"
"704","New Jersey","2013","61782","NJ"
"705","New Jersey","2013","63754","NJ"
"706","New Jersey","2014","65243","NJ"
"707","New Jersey","2015","68357","NJ"
"708","New Jersey","2016","68468","NJ"
"709","New Jersey","2017","72997","NJ"
"710","New Jersey","2017","71240","NJ"
"711","New Jersey","2018","74176","NJ"
"712","New Jersey","2019","87726","NJ"
"713","New Jersey","2020","85239","NJ"
"714","New Mexico","2000","35093","NM"
"715","New Mexico","2001","33124","NM"
"716","New Mexico","2002","35457","NM"
"717","New Mexico","2003","35105","NM"
"718","New Mexico","2004","39562","NM"
"719","New Mexico","2005","38947","NM"
"720","New Mexico","2006","40028","NM"
"721","New Mexico","2007","44356","NM"
"722","New Mexico","2008","42102","NM"
"723","New Mexico","2009","43542","NM"
"724","New Mexico","2010","45134","NM"
"725","New Mexico","2011","41982","NM"
"726","New Mexico","2012","43424","NM"
"727","New Mexico","2013","42127","NM"
"728","New Mexico","2013","40166","NM"
"729","New Mexico","2014","46686","NM"
"730","New Mexico","2015","45119","NM"
"731","New Mexico","2016","48451","NM"
"732","New Mexico","2017","47855","NM"
"733","New Mexico","2017","45601","NM"
"734","New Mexico","2018","48283","NM"
"735","New Mexico","2019","53113","NM"
"736","New Mexico","2020","50822","NM"
"737","New York","2000","40744","NY"
"738","New York","2001","42114","NY"
"739","New York","2002","41966","NY"
"740","New York","2003","42788","NY"
"741","New York","2004","44649","NY"
"742","New York","2005","47176","NY"
"743","New York","2006","48222","NY"
"744","New York","2007","48944","NY"
"745","New York","2008","50461","NY"
"746","New York","2009","50216","NY"
"747","New York","2010","49781","NY"
"748","New York","2011","50636","NY"
"749","New York","2012","47680","NY"
"750","New York","2013","53843","NY"
"751","New York","2013","49966","NY"
"752","New York","2014","54310","NY"
"753","New York","2015","58005","NY"
"754","New York","2016","61437","NY"
"755","New York","2017","62447","NY"
"756","New York","2017","61543","NY"
"757","New York","2018","67274","NY"
"758","New York","2019","71855","NY"
"759","New York","2020","68304","NY"
"760","North Carolina","2000","38317","NC"
"761","North Carolina","2001","38162","NC"
"762","North Carolina","2002","36515","NC"
"763","North Carolina","2003","37279","NC"
"764","North Carolina","2004","40238","NC"
"765","North Carolina","2005","42056","NC"
"766","North Carolina","2006","39797","NC"
"767","North Carolina","2007","43513","NC"
"768","North Carolina","2008","42930","NC"
"769","North Carolina","2009","41906","NC"
"770","North Carolina","2010","43830","NC"
"771","North Carolina","2011","45206","NC"
"772","North Carolina","2012","41553","NC"
"773","North Carolina","2013","41208","NC"
"774","North Carolina","2013","46337","NC"
"775","North Carolina","2014","46784","NC"
"776","North Carolina","2015","50797","NC"
"777","North Carolina","2016","53764","NC"
"778","North Carolina","2017","50343","NC"
"779","North Carolina","2017","49547","NC"
"780","North Carolina","2018","53369","NC"
"781","North Carolina","2019","61159","NC"
"782","North Carolina","2020","60266","NC"
"783","North Dakota","2000","35996","ND"
"784","North Dakota","2001","35793","ND"
"785","North Dakota","2002","36200","ND"
"786","North Dakota","2003","40410","ND"
"787","North Dakota","2004","39220","ND"
"788","North Dakota","2005","42192","ND"
"789","North Dakota","2006","41047","ND"
"790","North Dakota","2007","47205","ND"
"791","North Dakota","2008","49631","ND"
"792","North Dakota","2009","50075","ND"
"793","North Dakota","2010","51006","ND"
"794","North Dakota","2011","56361","ND"
"795","North Dakota","2012","55766","ND"
"796","North Dakota","2013","52888","ND"
"797","North Dakota","2013","59152","ND"
"798","North Dakota","2014","60730","ND"
"799","North Dakota","2015","57415","ND"
"800","North Dakota","2016","60184","ND"
"801","North Dakota","2017","59886","ND"
"802","North Dakota","2017","60167","ND"
"803","North Dakota","2018","66505","ND"
"804","North Dakota","2019","70031","ND"
"805","North Dakota","2020","63657","ND"
"806","Ohio","2000","42962","OH"
"807","Ohio","2001","41785","OH"
"808","Ohio","2002","42684","OH"
"809","Ohio","2003","43520","OH"
"810","Ohio","2004","43055","OH"
"811","Ohio","2005","44203","OH"
"812","Ohio","2006","45900","OH"
"813","Ohio","2007","49099","OH"
"814","Ohio","2008","46934","OH"
"815","Ohio","2009","45879","OH"
"816","Ohio","2010","45886","OH"
"817","Ohio","2011","44648","OH"
"818","Ohio","2012","44375","OH"
"819","Ohio","2013","46398","OH"
"820","Ohio","2013","50748","OH"
"821","Ohio","2014","49644","OH"
"822","Ohio","2015","53301","OH"
"823","Ohio","2016","53985","OH"
"824","Ohio","2017","59768","OH"
"825","Ohio","2017","60688","OH"
"826","Ohio","2018","61633","OH"
"827","Ohio","2019","64663","OH"
"828","Ohio","2020","60110","OH"
"829","Oklahoma","2000","32432","OK"
"830","Oklahoma","2001","35609","OK"
"831","Oklahoma","2002","36458","OK"
"832","Oklahoma","2003","35902","OK"
"833","Oklahoma","2004","39614","OK"
"834","Oklahoma","2005","37645","OK"
"835","Oklahoma","2006","38838","OK"
"836","Oklahoma","2007","43216","OK"
"837","Oklahoma","2008","46111","OK"
"838","Oklahoma","2009","45878","OK"
"839","Oklahoma","2010","43103","OK"
"840","Oklahoma","2011","48455","OK"
"841","Oklahoma","2012","48407","OK"
"842","Oklahoma","2013","43777","OK"
"843","Oklahoma","2013","46162","OK"
"844","Oklahoma","2014","47199","OK"
"845","Oklahoma","2015","47077","OK"
"846","Oklahoma","2016","50943","OK"
"847","Oklahoma","2017","55006","OK"
"848","Oklahoma","2017","51882","OK"
"849","Oklahoma","2018","54434","OK"
"850","Oklahoma","2019","59397","OK"
"851","Oklahoma","2020","52341","OK"
"852","Oregon","2000","42499","OR"
"853","Oregon","2001","41273","OR"
"854","Oregon","2002","41802","OR"
"855","Oregon","2003","41638","OR"
"856","Oregon","2004","40994","OR"
"857","Oregon","2005","44159","OR"
"858","Oregon","2006","47091","OR"
"859","Oregon","2007","50236","OR"
"860","Oregon","2008","51727","OR"
"861","Oregon","2009","49098","OR"
"862","Oregon","2010","50602","OR"
"863","Oregon","2011","51526","OR"
"864","Oregon","2012","51775","OR"
"865","Oregon","2013","56307","OR"
"866","Oregon","2013","48999","OR"
"867","Oregon","2014","58875","OR"
"868","Oregon","2015","60834","OR"
"869","Oregon","2016","59135","OR"
"870","Oregon","2017","64610","OR"
"871","Oregon","2017","62498","OR"
"872","Oregon","2018","69165","OR"
"873","Oregon","2019","74413","OR"
"874","Oregon","2020","76554","OR"
"875","Pennsylvania","2000","42176","PA"
"876","Pennsylvania","2001","43499","PA"
"877","Pennsylvania","2002","42498","PA"
"878","Pennsylvania","2003","42933","PA"
"879","Pennsylvania","2004","44106","PA"
"880","Pennsylvania","2005","46300","PA"
"881","Pennsylvania","2006","48477","PA"
"882","Pennsylvania","2007","48437","PA"
"883","Pennsylvania","2008","51402","PA"
"884","Pennsylvania","2009","48172","PA"
"885","Pennsylvania","2010","48314","PA"
"886","Pennsylvania","2011","49910","PA"
"887","Pennsylvania","2012","51904","PA"
"888","Pennsylvania","2013","53952","PA"
"889","Pennsylvania","2013","55156","PA"
"890","Pennsylvania","2014","55173","PA"
"891","Pennsylvania","2015","60389","PA"
"892","Pennsylvania","2016","60979","PA"
"893","Pennsylvania","2017","63173","PA"
"894","Pennsylvania","2017","61285","PA"
"895","Pennsylvania","2018","64524","PA"
"896","Pennsylvania","2019","70582","PA"
"897","Pennsylvania","2020","70117","PA"
"898","Rhode Island","2000","42197","RI"
"899","Rhode Island","2001","45723","RI"
"900","Rhode Island","2002","42417","RI"
"901","Rhode Island","2003","44711","RI"
"902","Rhode Island","2004","47935","RI"
"903","Rhode Island","2005","49484","RI"
"904","Rhode Island","2006","53736","RI"
"905","Rhode Island","2007","54210","RI"
"906","Rhode Island","2008","53241","RI"
"907","Rhode Island","2009","51634","RI"
"908","Rhode Island","2010","51623","RI"
"909","Rhode Island","2011","49033","RI"
"910","Rhode Island","2012","56065","RI"
"911","Rhode Island","2013","57812","RI"
"912","Rhode Island","2013","56323","RI"
"913","Rhode Island","2014","58633","RI"
"914","Rhode Island","2015","55701","RI"
"915","Rhode Island","2016","61528","RI"
"916","Rhode Island","2017","66390","RI"
"917","Rhode Island","2017","65401","RI"
"918","Rhode Island","2018","62266","RI"
"919","Rhode Island","2019","70151","RI"
"920","Rhode Island","2020","80012","RI"
"921","South Carolina","2000","37570","SC"
"922","South Carolina","2001","37736","SC"
"923","South Carolina","2002","37812","SC"
"924","South Carolina","2003","38479","SC"
"925","South Carolina","2004","38691","SC"
"926","South Carolina","2005","40230","SC"
"927","South Carolina","2006","39617","SC"
"928","South Carolina","2007","44213","SC"
"929","South Carolina","2008","42155","SC"
"930","South Carolina","2009","41101","SC"
"931","South Carolina","2010","41698","SC"
"932","South Carolina","2011","40084","SC"
"933","South Carolina","2012","44401","SC"
"934","South Carolina","2013","43749","SC"
"935","South Carolina","2013","43563","SC"
"936","South Carolina","2014","44929","SC"
"937","South Carolina","2015","46360","SC"
"938","South Carolina","2016","54336","SC"
"939","South Carolina","2017","54971","SC"
"940","South Carolina","2017","54537","SC"
"941","South Carolina","2018","57444","SC"
"942","South Carolina","2019","62028","SC"
"943","South Carolina","2020","60097","SC"
"944","South Dakota","2000","36475","SD"
"945","South Dakota","2001","39671","SD"
"946","South Dakota","2002","37873","SD"
"947","South Dakota","2003","39522","SD"
"948","South Dakota","2004","41107","SD"
"949","South Dakota","2005","43151","SD"
"950","South Dakota","2006","45427","SD"
"951","South Dakota","2007","46418","SD"
"952","South Dakota","2008","51600","SD"
"953","South Dakota","2009","45826","SD"
"954","South Dakota","2010","45352","SD"
"955","South Dakota","2011","47223","SD"
"956","South Dakota","2012","49415","SD"
"957","South Dakota","2013","54453","SD"
"958","South Dakota","2013","53413","SD"
"959","South Dakota","2014","53053","SD"
"960","South Dakota","2015","55065","SD"
"961","South Dakota","2016","57450","SD"
"962","South Dakota","2017","56894","SD"
"963","South Dakota","2017","56914","SD"
"964","South Dakota","2018","59463","SD"
"965","South Dakota","2019","64255","SD"
"966","South Dakota","2020","69787","SD"
"967","Tennessee","2000","34096","TN"
"968","Tennessee","2001","35783","TN"
"969","Tennessee","2002","37030","TN"
"970","Tennessee","2003","37523","TN"
"971","Tennessee","2004","38072","TN"
"972","Tennessee","2005","39406","TN"
"973","Tennessee","2006","40693","TN"
"974","Tennessee","2007","41195","TN"
"975","Tennessee","2008","39702","TN"
"976","Tennessee","2009","40517","TN"
"977","Tennessee","2010","38591","TN"
"978","Tennessee","2011","42279","TN"
"979","Tennessee","2012","42995","TN"
"980","Tennessee","2013","42499","TN"
"981","Tennessee","2013","43361","TN"
"982","Tennessee","2014","43716","TN"
"983","Tennessee","2015","47330","TN"
"984","Tennessee","2016","51344","TN"
"985","Tennessee","2017","55240","TN"
"986","Tennessee","2017","55306","TN"
"987","Tennessee","2018","56060","TN"
"988","Tennessee","2019","56627","TN"
"989","Tennessee","2020","54665","TN"
"990","Texas","2000","38609","TX"
"991","Texas","2001","40860","TX"
"992","Texas","2002","40149","TX"
"993","Texas","2003","39271","TX"
"994","Texas","2004","41397","TX"
"995","Texas","2005","41422","TX"
"996","Texas","2006","43307","TX"
"997","Texas","2007","46053","TX"
"998","Texas","2008","46490","TX"
"999","Texas","2009","47475","TX"
"1000","Texas","2010","47266","TX"
"1001","Texas","2011","49047","TX"
"1002","Texas","2012","51926","TX"
"1003","Texas","2013","53027","TX"
"1004","Texas","2013","51406","TX"
"1005","Texas","2014","53875","TX"
"1006","Texas","2015","56473","TX"
"1007","Texas","2016","58146","TX"
"1008","Texas","2017","59295","TX"
"1009","Texas","2017","60092","TX"
"1010","Texas","2018","59785","TX"
"1011","Texas","2019","67444","TX"
"1012","Texas","2020","68093","TX"
"1013","United States","2000","41990",NA
"1014","United States","2001","42228",NA
"1015","United States","2002","42409",NA
"1016","United States","2003","43318",NA
"1017","United States","2004","44334",NA
"1018","United States","2005","46326",NA
"1019","United States","2006","48201",NA
"1020","United States","2007","50233",NA
"1021","United States","2008","50303",NA
"1022","United States","2009","49777",NA
"1023","United States","2010","49276",NA
"1024","United States","2011","50054",NA
"1025","United States","2012","51017",NA
"1026","United States","2013","51939",NA
"1027","United States","2013","53585",NA
"1028","United States","2014","53657",NA
"1029","United States","2015","56516",NA
"1030","United States","2016","59039",NA
"1031","United States","2017","61372",NA
"1032","United States","2017","61136",NA
"1033","United States","2018","63179",NA
"1034","United States","2019","68703",NA
"1035","United States","2020","67521",NA
"1036","Utah","2000","47550","UT"
"1037","Utah","2001","47342","UT"
"1038","Utah","2002","47861","UT"
"1039","Utah","2003","49275","UT"
"1040","Utah","2004","50871","UT"
"1041","Utah","2005","54813","UT"
"1042","Utah","2006","54628","UT"
"1043","Utah","2007","53529","UT"
"1044","Utah","2008","62537","UT"
"1045","Utah","2009","58491","UT"
"1046","Utah","2010","56701","UT"
"1047","Utah","2011","55493","UT"
"1048","Utah","2012","58341","UT"
"1049","Utah","2013","62967","UT"
"1050","Utah","2013","61047","UT"
"1051","Utah","2014","63383","UT"
"1052","Utah","2015","66258","UT"
"1053","Utah","2016","67481","UT"
"1054","Utah","2017","71319","UT"
"1055","Utah","2017","69789","UT"
"1056","Utah","2018","77067","UT"
"1057","Utah","2019","84523","UT"
"1058","Utah","2020","83670","UT"
"1059","Vermont","2000","39594","VT"
"1060","Vermont","2001","40794","VT"
"1061","Vermont","2002","42999","VT"
"1062","Vermont","2003","43261","VT"
"1063","Vermont","2004","47329","VT"
"1064","Vermont","2005","50704","VT"
"1065","Vermont","2006","51981","VT"
"1066","Vermont","2007","47390","VT"
"1067","Vermont","2008","50706","VT"
"1068","Vermont","2009","52318","VT"
"1069","Vermont","2010","55928","VT"
"1070","Vermont","2011","51862","VT"
"1071","Vermont","2012","55582","VT"
"1072","Vermont","2013","54842","VT"
"1073","Vermont","2013","65513","VT"
"1074","Vermont","2014","60708","VT"
"1075","Vermont","2015","59494","VT"
"1076","Vermont","2016","60837","VT"
"1077","Vermont","2017","63805","VT"
"1078","Vermont","2017","63682","VT"
"1079","Vermont","2018","70066","VT"
"1080","Vermont","2019","74305","VT"
"1081","Vermont","2020","66902","VT"
"1082","Virginia","2000","47163","VA"
"1083","Virginia","2001","50241","VA"
"1084","Virginia","2002","49631","VA"
"1085","Virginia","2003","54783","VA"
"1086","Virginia","2004","51141","VA"
"1087","Virginia","2005","51914","VA"
"1088","Virginia","2006","57119","VA"
"1089","Virginia","2007","59161","VA"
"1090","Virginia","2008","61985","VA"
"1091","Virginia","2009","60501","VA"
"1092","Virginia","2010","60367","VA"
"1093","Virginia","2011","62616","VA"
"1094","Virginia","2012","64632","VA"
"1095","Virginia","2013","67620","VA"
"1096","Virginia","2013","65907","VA"
"1097","Virginia","2014","66155","VA"
"1098","Virginia","2015","61486","VA"
"1099","Virginia","2016","66451","VA"
"1100","Virginia","2017","71293","VA"
"1101","Virginia","2017","70811","VA"
"1102","Virginia","2018","77151","VA"
"1103","Virginia","2019","81313","VA"
"1104","Virginia","2020","81947","VA"
"1105","Washington","2000","42525","WA"
"1106","Washington","2001","42490","WA"
"1107","Washington","2002","45183","WA"
"1108","Washington","2003","47508","WA"
"1109","Washington","2004","49922","WA"
"1110","Washington","2005","50646","WA"
"1111","Washington","2006","54723","WA"
"1112","Washington","2007","58080","WA"
"1113","Washington","2008","56631","WA"
"1114","Washington","2009","60392","WA"
"1115","Washington","2010","56163","WA"
"1116","Washington","2011","56850","WA"
"1117","Washington","2012","62187","WA"
"1118","Washington","2013","60106","WA"
"1119","Washington","2013","63922","WA"
"1120","Washington","2014","59068","WA"
"1121","Washington","2015","67243","WA"
"1122","Washington","2016","70310","WA"
"1123","Washington","2017","75418","WA"
"1124","Washington","2017","71540","WA"
"1125","Washington","2018","79726","WA"
"1126","Washington","2019","82454","WA"
"1127","Washington","2020","81083","WA"
"1128","West Virginia","2000","29411","WV"
"1129","West Virginia","2001","29673","WV"
"1130","West Virginia","2002","29359","WV"
"1131","West Virginia","2003","32763","WV"
"1132","West Virginia","2004","33373","WV"
"1133","West Virginia","2005","36445","WV"
"1134","West Virginia","2006","38419","WV"
"1135","West Virginia","2007","42091","WV"
"1136","West Virginia","2008","37994","WV"
"1137","West Virginia","2009","40490","WV"
"1138","West Virginia","2010","42777","WV"
"1139","West Virginia","2011","41821","WV"
"1140","West Virginia","2012","43553","WV"
"1141","West Virginia","2013","40241","WV"
"1142","West Virginia","2013","43069","WV"
"1143","West Virginia","2014","39552","WV"
"1144","West Virginia","2015","42824","WV"
"1145","West Virginia","2016","44354","WV"
"1146","West Virginia","2017","45392","WV"
"1147","West Virginia","2017","46957","WV"
"1148","West Virginia","2018","50573","WV"
"1149","West Virginia","2019","53706","WV"
"1150","West Virginia","2020","51615","WV"
"1151","Wisconsin","2000","45088","WI"
"1152","Wisconsin","2001","45346","WI"
"1153","Wisconsin","2002","45903","WI"
"1154","Wisconsin","2003","46269","WI"
"1155","Wisconsin","2004","45732","WI"
"1156","Wisconsin","2005","44650","WI"
"1157","Wisconsin","2006","51692","WI"
"1158","Wisconsin","2007","51277","WI"
"1159","Wisconsin","2008","51200","WI"
"1160","Wisconsin","2009","51237","WI"
"1161","Wisconsin","2010","50351","WI"
"1162","Wisconsin","2011","52058","WI"
"1163","Wisconsin","2012","53079","WI"
"1164","Wisconsin","2013","55258","WI"
"1165","Wisconsin","2013","51726","WI"
"1166","Wisconsin","2014","58080","WI"
"1167","Wisconsin","2015","55425","WI"
"1168","Wisconsin","2016","59817","WI"
"1169","Wisconsin","2017","63451","WI"
"1170","Wisconsin","2017","63482","WI"
"1171","Wisconsin","2018","62629","WI"
"1172","Wisconsin","2019","67355","WI"
"1173","Wisconsin","2020","67094","WI"
"1174","Wyoming","2000","39629","WY"
"1175","Wyoming","2001","39719","WY"
"1176","Wyoming","2002","39763","WY"
"1177","Wyoming","2003","42555","WY"
"1178","Wyoming","2004","45397","WY"
"1179","Wyoming","2005","44718","WY"
"1180","Wyoming","2006","47041","WY"
"1181","Wyoming","2007","48744","WY"
"1182","Wyoming","2008","53337","WY"
"1183","Wyoming","2009","52470","WY"
"1184","Wyoming","2010","52201","WY"
"1185","Wyoming","2011","54509","WY"
"1186","Wyoming","2012","57512","WY"
"1187","Wyoming","2013","55700","WY"
"1188","Wyoming","2013","67441","WY"
"1189","Wyoming","2014","55690","WY"
"1190","Wyoming","2015","60925","WY"
"1191","Wyoming","2016","57829","WY"
"1192","Wyoming","2017","57837","WY"
"1193","Wyoming","2017","59536","WY"
"1194","Wyoming","2018","62539","WY"
"1195","Wyoming","2019","65134","WY"
"1196","Wyoming","2020","65108","WY"
